,sex,age,address,famsize,Pstatus,Medu,Fedu,traveltime,studytime,failures,schoolsup,famsup,paid,activities,nursery,higher,internet,romantic,famrel,freetime,goout,Dalc,Walc,health,absences,G1,G2,G3
count,47.0,47.0,47.0,47.0,47.0,47.0,47.0,47.0,47.0,47.0,47.0,47.0,47.0,47.0,47.0,47.0,47.0,47.0,47.0,47.0,47.0,47.0,47.0,47.0,47.0,47.0,47.0,47.0
mean,0.46808510638297873,16.404255319148938,1.0,0.5957446808510638,1.0,3.148936170212766,2.723404255319149,1.3404255319148937,2.0,0.0,0.0,0.6808510638297872,0.6382978723404256,0.574468085106383,1.0,1.0,1.0,0.3617021276595745,4.212765957446808,3.297872340425532,3.297872340425532,1.2340425531914894,2.127659574468085,3.5531914893617023,3.574468085106383,11.957446808510639,11.914893617021276,11.97872340425532
std,0.5043749394606821,0.9704229124702168,0.0,0.4960528753410618,0.0,0.9550489039209804,0.9935034115075554,0.562471090838989,0.0,0.0,0.0,0.4711864293980077,0.485687854441406,0.49976867914561135,0.0,0.0,0.0,0.485687854441406,0.549156278254511,0.8318364601243621,0.8575722460888031,0.5197309486834766,1.0757610304498848,1.4417457810991847,4.163739335548526,2.7343026041030662,2.7884060214772433,2.7622404399180374
min,0.0,15.0,1.0,0.0,1.0,1.0,1.0,1.0,2.0,0.0,0.0,0.0,0.0,0.0,1.0,1.0,1.0,0.0,3.0,2.0,2.0,1.0,1.0,1.0,0.0,7.0,6.0,6.0
25%,0.0,16.0,1.0,0.0,1.0,2.0,2.0,1.0,2.0,0.0,0.0,0.0,0.0,0.0,1.0,1.0,1.0,0.0,4.0,3.0,3.0,1.0,1.0,3.0,0.0,10.0,10.0,10.0
50%,0.0,16.0,1.0,1.0,1.0,3.0,3.0,1.0,2.0,0.0,0.0,1.0,1.0,1.0,1.0,1.0,1.0,0.0,4.0,3.0,3.0,1.0,2.0,4.0,2.0,12.0,12.0,11.0
75%,1.0,17.0,1.0,1.0,1.0,4.0,3.5,2.0,2.0,0.0,0.0,1.0,1.0,1.0,1.0,1.0,1.0,1.0,5.0,4.0,4.0,1.0,3.0,5.0,5.0,14.0,14.5,14.5
max,1.0,18.0,1.0,1.0,1.0,4.0,4.0,3.0,2.0,0.0,0.0,1.0,1.0,1.0,1.0,1.0,1.0,1.0,5.0,5.0,5.0,3.0,5.0,5.0,14.0,19.0,18.0,18.0
